401146,1284521,A,A,A,A,A,A,A,A,A,A,A,A,A,A,A,A,A,A,A,A,A,A,A,U,S,U,A,A,A,A,A,A,A,A,A,A,A,A,A,A,A,A,A,A,A,A,A,A,A,A,S
401790,1435165,A,A,B,U,A,U,A,A,A,A,A,S,U,A,U,B,U,B,U,A,U,A,U,A,U,B,U,A,U,B,B,A,A,A,A,U,A,A,U,B,U,A,U,A,A,A,A,A,S,U,A,U,B,U,B,U,A,U,A,U,A,U,B,U,A,U,B,B,A,A,A,A,U
401961,1297610,A,A,A,A,A,U,A,U,A,U,A,U,A,A,A,A,A,U,A,U,A,U,A
402682,5603152,A,A,A,A,A,B,B,B,B,A,A,A,A,A,B,B,B
408844,909723,S,U,S
413358,878789,A,A,B,B,B,U,A,A,B,B,B
419918,1419124,A,A,A,U,A,A,A,A,U,A
419921,1471941,B,B,B,B,B,B,B,U,B,B,B,B,B,B,B,B,B,B,B,B,B,B,B,B,B,U,B,B,B,B,B,B,B,B,B,B,B,B,B,B,B,A,A,A,A,A,A,A,A,A,A,U,B,U,A,U,B,U,S,S,B,B,B,B,B,U,B,B,B,B,U,B,B,B,B,B,B,B,U,B,B,B,B,B,B,B,B,B,B,B,B,B,B,B,B,B,U,B,B,B,B,B,B,B,B,B,B,B,B,B,B,B,A,A,A,A,A,A,A,A,A,A,U,B,U,A,U,B,U,S,S,B,B,B,B,B,U,B,B,B,B
421952,291335,B,U,A,S,B,U,A
426194,1328328,A,A,U,B,B,A,A,A,B,B
427099,2140422,A,A,U,B,A,A,U
433194,5657076,A,A,A,U,B,A,A,A,U
436227,792692,A,A,U,A,A,U
437833,2890901,A,A,A,A,A,U,A,A,A,A,A,A,A,U,A
438356,2181121,A,A,A,A,U,B,A,A,A,A,U
440125,293073,S,B,U,S,U,S,S,B,U,S,U,B,S,U,S,S,S,S,S,U,S,U,S,U,S,U,B,S,U,S,S,U,B,U,B,B,B,B,U,B,U,S,B,U,S,U,S,S,B,U,S,U,B,S,U,S,S,S,S,S,U,S,U,S,U,S,U,B,S,U,S,S,U,B,U,B,B,B,B,U,B
441402,1450201,S,U,A,U,S,U
446274,1355151,A,A,A,B,U,B,A,A,A,B,U
448651,950623,U,S,U
457619,2957479,A,A,U,S,U,A,A,U,S
457695,802968,A,A,A,A,U,A,U,A,A,A,U,B,B,A,U,A,A,U,A,U,A,A,A,A,A,U,A,U,A,A,A,U,B,B,A,U,A,A,U,A,U
458811,5460099,A,A,A,A,A,A,A,U,A,A,A,A,A,A,A,A,A,A,A,A,A,A,A,A,A,A,A,A,A,A,A,A,A,A,A,A,A,A,A,A,A,A,A,A,A,A,A,U,A,A,A,A,A,A,A,U,A,A,A,A,A,A,A,A,A,A,A,A,A,A,A,A,A,A,A,A,A,A,A,A,A,A,A,A,A,A,A,A,A,A,A,A,A,A,A
461108,2820632,A,A,A,A,A,A,A,A,A,A,A,A,A,A,A,A,A,A,A,U,A,A,A,A,A,A,A,A,A,A,A,A,A,A,A,A,A,A,A
461134,1413019,S,U,A,A,U,A,B,U,A,U,A,B,A,U,A,A,A,A,A,A,A,A,A,A,A,S,U,A,A,U,A,B,U,A,U,A,B,A,U,A,A,A,A,A,A,A,A,A,A
463831,921239,A,A,U,B,B,B,B,A,A,U,B,B,B
463859,1380894,A,A,U,A,U,A,A,U,A
465282,2940014,A,A,A
469077,790808,A,A,A,A,A,A,A,A,U,B,A,A,A,A,A,A,A,A,A,A,A,A,A,A,A,A,B,A,A,A,A,A,A,A
470851,3103718,A,A,U,A,A
471024,1395492,A,A,A,B,U,A,A,A,A,A,U,A,A,U,A,A,A,A,U,B,U,A,A,A,A,A,U,A,A,U,A
477726,887691,U,A,U,A,U,A,U
478574,295308,A,A,A,U,B,B,B,B,B,B,B,B,B,B,B,B,B,B,B,B,B,B,B,B,B,B,B,B,B,B,A,A,A,U,B,B,B,B,B,B,B,B,B,B,B,B,B,B,B,B,B,B,B,B,B,B,B,B,B
481134,802991,B,B,B,U,A,U,S,A,U,B,U,S,U,S,U,S,S,S,U,S,U,B,B,B,U,A,U,S,A,U,B,U,S,U,S,U,S,S,S,U
482240,829040,B,B,B,U,A,A,A,B,B,B,U,A,A
484411,866572,A,U,A,A,A,U,A,A,U,A,A,A,U,A
485756,916518,A,A,A,A,A,A,A,A,A,A,A,S,U,B,A,U,A,A,A,A,A,A,A,A,A,A,A,S,U,B,A,U
487461,868333,A,U,S,B,U,A,U,S
487473,868113,B,U,B,U,B,B,U,B
490834,876069,B,A,A,A,B,A,A
493869,1311010,A,A,A,A,A,A,A,A,A,A,A,A,A,A,A,A,A,A,A,A,A,A,A,A,A,A,A,A,A,A,A,A,A,A,A,A,A,A,A,A,A,A,A,A,A,A,A,A,A,A,A,A,A,A,A,A,A,A,A,A,A,A,A,A,A,A,A,A,A,A,A,A,A,A,A,A,A,A,A,A,A,A,A,A,A,A,A,A,A,A,A,A,A,A,A,A,A,A,A,A,A,A,A,A,A,A,A,A,A,A,A,A,A,A,A,A,A,A,A,A,A,A,A,A,A,A,A,A,A,A,A,A,A,A,A,A,A,A,A,A,A,A,A,A,A,A,A,A,A,A,A,A,A,A,A,A,A,A,A,A,A,A,A,A,A,A,A,A,A,A,A,A,A,A,A,A,A,A,A,A,A,A,A,A,A,A,A,A,A,A,A,A,A,A,A,A,A,A,A,A,A,A,A,A,A,A,A,A,A,A,A,A,A,A,A,A,A,A,A,A,A,A,A,A,A,A,A,A,A,A,A,A,A,A,A,A,A,A,A,A,A,A,A,A,A,A,A,A,A,A,A,A,A,A,A,A,A,A,A,A,A,A,A,A,A,A,A,A,A,A,A,A,A,A,A,A,A,A,A,A,A,A,A,A,A,A,A,A,A,A,A,A,A,A,A,A,A,A,A,A,A,A,A,A,A,A,A,A,A,A,A,A,A,A,A,A,A,A,A,A,A,A,A,A,A,A,A,A,A,A,A,A,A,A,A,A,A,A,A,A,A,A,A,A,A,A,A,A,A,A,A,A,A,A,A,A,A,A,A,A,A,A,A,A,A,A,A,A,A,A,A,A,A,A,A,A,A,A,A,A,A,A,A,A,A,A,A,A,A,A,A,A,A,A,A,A,A,A,A,A,A,A,A,A,A,A,A,A,A,A,A,A,A,A,A,A,A,A,A,A,A,A,A,A,A,A,A,A,A,A,A,A,A,A,A,A,A,A,A,A,A,A,A,A,A,A,A,A,A,A,A,A,A,A,A,A,A,A,A,A,A,A,A,A,A,A,A,A,A,A,A,A,A,A,A,A,A,A,A,A,A,A,A,A,A,A,A,A,A,A,A,A,A,A,A,A,A,A,A,A,A,A,A,A,A,A,A,A,A,A,A,A,A,A,A,A,A,A,A,A,A,A,A,A,A,A,A,A,A,A,A,A,A,A,A,A,A,A,A,A,A,A,A,A,A,A,A,A,A,A,A,A,A,A,A,A,A,A,A,A,A,A,A,A,A,A,A,A,A,A,A,A,A,A,A,A,A,A,A,A,A,A,A,A,A,A,A,U,S,U,A,A,U,A,U,B,U,A,U,B,B,A,A,U,A,A,A,U,S,A,A,U,A,A,A,A,A,A,A,A,A,A,A,A,U,A,A,A,A,A,A,U,A,A,A,A,A,A,A,A,A,A,A,A,A,A,A,A,A,A,A,A,A,A,A,A,A,A,A,A,A,A,A,A,A,A,A,A,A,A,A,A,A,A,A,A,A,A,A,A,A,A,A,A,A,A,A,A,A,A,A,A,A,A,A,A,A,A,A,A,A,A,A,A,A,A,A,A,A,A,A,A,A,A,A,A,A,A,A,A,A,A,A,A,A,A,A,A,A,A,A,A,A,A,A,A,A,A,A,A,A,A,A,A,A,A,A,A,A,A,A,A,A,A,A,A,A,A,A,A,A,A,A,A,A,A,A,A,A,A,A,A,A,A,A,A,A,A,A,A,A,A,A,A,A,A,A,A,A,A,A,A,A,A,A,A,A,A,A,A,A,A,A,A,A,A,A,A,A,A,A,A,A,A,A,A,A,A,A,A,A,A,A,A,A,A,A,A,A,A,A,A,A,A,A,A,A,A,A,A,A,A,A,A,A,A,A,A,A,A,A,A,A,A,A,A,A,A,A,A,A,A,A,A,A,A,A,A,A,A,A,A,A,A,A,A,A,A,A,A,A,A,A,A,A,A,A,A,A,A,A,A,A,A,A,A,A,A,A,A,A,A,A,A,A,A,A,A,A,A,A,A,A,A,A,A,A,A,A,A,A,A,A,A,A,A,A,A,A,A,A,A,A,A,A,A,A,A,A,A,A,A,A,A,A,A,A,A,A,A,A,A,A,A,A,A,A,A,A,A,A,A,A,A,A,A,A,A,A,A,A,A,A,A,A,A,A,A,A,A,A,A,A,A,A,A,A,A,A,A,A,A,A,A,A,A,A,A,A,A,A,A,A,A,A,A,A,A,A,A,A,A,A,A,A,A,A,A,A,A,A,A,A,A,A,A,A,A,A,A,A,A,A,A,A,A,A,A,A,A,A,A,A,A,A,A,A,A,A,A,A,A,A,A,A,A,A,A,A,A,A,A,A,A,A,A,A,A,A,A,A,A,A,A,A,A,A,A,A,A,A,A,A,A,A,A,A,A,A,A,A,A,A,A,A,A,A,A,A,A,A,A,A,A,A,A,A,A,A,A,A,A,A,A,A,A,A,A,A,A,A,A,A,A,A,A,A,A,A,A,A,A,A,A,A,A,A,A,A,A,A,A,A,A,A,A,A,A,A,A,A,A,A,A,A,A,A,A,A,A,A,A,A,A,A,A,A,A,A,A,A,A,A,A,A,A,A,A,A,A,A,A,A,A,A,A,A,A,A,A,A,A,A,A,A,A,A,A,A,A,A,A,A,A,A,A,A,A,A,A,A,A,A,A,A,A,A,A,A,A,S,U,A,A,U,A,U,B,U,A,U,B,B,A,A,U,A,A,A,U,S,A,A,U,A,A,A,A,A,A,A,A,A,A,A,A,U,A,A,A,A,A,A,U
495697,894610,B,B,U,A,A,A,B,B,U,B,U,B,B,B,A,A,A,B,B,U,B
496732,2895820,A,A,A,A,A,A,A,A,A,A,A,A,A,A,A,A,A,A,A,A,A,A,A,A,A,A,A,A,A,A,A,A,A,A,A,A,A,A,A,A,A,A,A,A,A,A,A,A,A,A,A,A,A,A,A,A,A,A,A,A,A,A,A,A,A,A,A,A,A,A,A,A,A,A,A,A,A,A,A,A,A,A,A,A,A,A,A,A,A,A,A,A,A,A,A,A,A,A,A,A,A,A,A,A,A,A,A,A,A,A,A,A,A,A,A,A,A,A,A,A,A,A,A,A,U,A,A,A,A,A,A,A,A,A,A,A,A,A,A,A,A,A,A,A,A,A,A,A,A,A,A,A,A,A,A,A,A,A,A,A,A,A,A,A,A,A,A,A,A,A,A,A,A,A,A,A,A,A,A,A,A,A,A,A,A,A,A,A,A,A,A,A,A,A,A,A,A,A,A,A,A,A,A,A,A,A,A,A,A,A,A,A,A,A,A,A,A,A,A,A,A,A,A,A,A,A,A,A,A,A,A,A,A,A,A,A,A,A,A,A,A,A,A,A,A,A,A,A,A,A,A,U,A
499773,956528,A,B,U,A,U,A,B,U,A,A,A,U,B,U,A,U,A,B,U,A,A
500035,887065,A,A,A,A,A,A,A,A,A,A,A,A,A,A,A,A,A,A,A,A,A,A,A,A,A,A,A,A,A,A,A,U,A,A,U,A,B,U,A,U,A,A,U,A,A,A,U,A,U,A,A,A,A,A,A,A,A,A,A,A,A,A,A,A,A,A,A,A,A,A,A,A,A,A,A,A,A,A,A,A,A,A,A,A,A,A,A,A,A,A,A,A,A,A,A,A,A,A,A,U,A,A,U,A,B,U,A,U,A,A,U,A,A,A,U,A,U,A,A,A,A,A,A,A,A,A,A,A,A,A,A,A,A,A,A
502282,932632,A,A,A,A,A,A,A,A,A,A,A,A,A,A,A,A,A,A,A,A,A,A,A,A,A,A,A,A,A,A,A,A,A,A,A,A,A,B,A,A,A,A,A,A,A,U,A,A,A,A,U,A,A,A,A,A,A,A,A,A,A,A,A,A,A,A,A,A,A,A,A,A,A,A,A,A,A,A,A,A,A,A,A,A,A,A,A,A,A,A,A,A,A,A,A,A,A,A,A,A,B,A,A,A,A,A,A,A,U,A,A,A,A,U,A,A,A,A,A,A,A,A,A,A,A
505711,1498222,A,A,A,A,A,A,A,A,A,A,A,A,A,A,A,A,A,A,A,A,U,A,A,A,A,A,A,A,A,A,A,A,A,A,A,A,A,A,A,A,A
510548,5252474,A,A,U,B,U,A,A,U,B
514889,889327,B,B,B,B,B,U,S,A,A,A,A,A,A,A,U,B,B,B,B,B,U,S,A,A,A,A,A,A,A
515577,897927,A,A,A,A,A,A,A,A,A,A,A,U,A,A,A,A,A,A,A,A,A,A
521518,5683474,B,A,U,B,A,U
524742,893453,A,A,U,A
524780,5824339,A,A,A,A,U,A,A,A,A,U
524868,954619,A,B,U,A,B
526887,1331401,A,A,A,A,U,A,A,A
526976,886052,S,S,U,B,S,S,U
527252,822615,B,B,B,B,B,B,B,B,B,B,B,B,B,B,B,U,A,U,B,B,B,B,B,B,B,B,B,B,B,B,B,B,B,U,A
529215,1372700,U,A,U,A
529344,899362,U,B,U,A,B,B,U,B,U,A,B
529733,1335680,A,A,A,A,A,A,A,A,A,A,A,B,U,A,U,A,A,U,A,U,B,B,B,A,A,A,A,A,A,A,A,A,A,A,B,U,A,U,A,A,U,A,U,B,B
529891,1290268,U,A,A,A,A,A,A,U,A,A,A,A,A
530390,1350531,A,U,B,A,U,A,A,A,U,B,A,U,A
531622,1370174,B,U,A,U,B,B,B,A,U,B
533368,915302,B,B,U,A,S,B,B,U,A
535017,804017,B,B,B,B,S,A,U,B,B,U,B,B,B,B,B,U,S,A,U,B,B,U,B
536481,918527,B,A,A,A,A,A,B,A,A,A,A
537134,807147,B,B,B,A,A,A,A,A,A,A,A,A,A,A,U,B,B,B,A,A,A,A,A,A,A,A,A,A,A
538825,901829,B,U,A,A,A,A,A,A,B,U,A,A,A,A,A
539706,1277215,A,A,A,A,A,A,A,A,A,A,A,A,A,A,A,A,A,A,A,A,A,A,A
539773,779846,B,U,B,U
544377,1055247,A,A,A,A,A,A,A,A,A,A,A,A,A,A,A,A,A,A,A,A,A,U,A,A,A,A,A,A,A,A,A,A,A,A,A,A,A,A,A,A,A,A,A,A,A,A,A,A,A,A,A,A,A,A,A,A,A,A,A,A,A,A,A,A,A,A,A,A
545613,1375943,S
546843,897273,B,B,B,U,B,B
549449,5819357,A,A,A,A,A,A,A,A,A,A,A,A,A,A,A,A,A,A,A,A,A,A,A,A,A,A,A,A,A,A,A,A,U,A,U,B,A,U,A,U,A,A,U,A,A,A,A,A,A,A,A,A,A,A,A,A,A,A,A,A,A,A,A,A,A,A,A,A,A,A,A,A,A,A,A,A,A,A,A,A,A,A,A,A,A,A,A,A,A,A,A,A,A,A,A,A,A,A,A,A,A,A,A,A,A,A,A,A
551184,2062047,A,A,A,A,A,A,A,A,A,A,A,U,S,U
552938,6402215,B,B,B,U,A,U,A,A,A,A,U,B,A,A,A,U,B
553993,1300083,S,U,S,U,S,S,U,S,S,S
557674,1320461,B,A,U,A
558515,2917531,A,A
559596,1308719,A,A,A,A,A,A,A,U,A,B
560623,860533,B,B,B,B,B,B,B,A,A,U,B,U,B,B,A,B,B,U,B,U,B
562196,903711,U,A
562302,5981915,A,A,A,A,A,A,A,A,A,A,A,A,A,A,A,A,A,A,A,A,A,A,A,A,A,A,A,A,A,A,A,A,A,A,A,A,A,A,A,A,A,A,U,B
564395,893074,B,B,B,B,B,B,U,A,S,B,B
566682,5872577,A,A
567460,4900487,A,A,A,A,A,A,A,A,A
568208,1291218,A,A,A,A,A,A,A,A,A,A,A,A,A,A,A,A,A,A,A
570124,3064794,A,A
571341,1334971,B,B,U,S
572744,1288203,B,U,B,B,U,A,U,B,U,B,B,B,U
576445,2857946,A,A,B,B,B,B,B,B,B,B,B,A
578278,796866,A
580408,5424023,A,A,A,A,A,A,A,A,A,A,A,A,B,B
580825,887091,B,B,B,A
581473,1312371,B,B,B,B,B,B,B,B,B,U,S,S,U
581494,921516,B,U,S,U
582491,795932,A,U,B,B,B,B,B,A,U,S,S,U,B,B,B,B,B,B
583223,1434161,B,B,U,A,A,A,A,A,A,A,A,U
583942,926903,A,A
586947,835823,A,A
588977,841519,A,A,A,A,A,A,A,A
590817,774471,B,U,A,A,A,A,A,A,A,A,A,A,A,A,A,A,A,A,A,A
591187,1304867,A,B,U
593503,785066,B,B,B,B,A,A
594746,887078,B,B,U,A
597474,2089993,A,B,B,B,B,B,B,B,U,A,B,U,A,B,B,B,U,A,U,A,U
597532,2066870,A,A,A,A,A,A,A,A,A,A,A,A,A,A,S,U,S,U,S,U,B,U,S,U,S,S,A,S,S,S,U,S,S,A,B,U,S,U,S,S,U,B,A,U,A,S,U,A,S,U,S,S,U,S,S,S,A,A,A,A,A,A,A,A,A,A,A,A,A,A,A,A,A,A,A,A,A,A,A,A,A,A,A,A,A,A,A,A,A,U,B,U,A,U,A,U,B,A,A,U,B,U,A,B,B,B,U,B,U,B,U,B,U,B,B,B,B,B
600648,802236,B,U,S,S,B
603439,6431436,U,S
603960,5617074,A,A,A
604499,838645,B,B,U,A,U,A,U,S,U,A,B,U,S,S,S,S,S,S,U,S,S,S,U,S,U,S,S,U,S,S,S,U,S,S,S,U,S,S,S,B,A,S,U,S,U,S,U,S,S,U,S,S,U,S,U,S,S,S,S,S,U,S,S,U,S,U,S,U,S,S,U,S,U,S,U,B,A,U,S,S,U,S,B,U,S,S
605263,1313672,A,U,A,A
608501,2091771,U,B,U,S,S,S,U,B,A,U,B,U,A,U
612461,1289062,A,A
613812,1494920,A,A,U,B,B
614240,6262477,A,A,A,A,A,A,A,A,A,A,A,A,A,A,A,U,A
615976,5078665,A,A,A,A,A,A,A,A,A,A,A,A,A,A,A,A,A,A,A,A,A,A,A,A,A,A,A,A,A,A,A,A,A,A,A,B,A,A,A,A,A,B,B,B,U,A
616909,925792,A,A,A,A
621511,872546,B,U,A,U,A,U
622700,2148994,A,U
625437,2161839,A,A,A,A
628272,2174822,A,A,U,B,B,U,S,U,B,U,B,U,B,B
629230,2092961,A,U,A,A,A,A,A,A,A,A,U,A,U,B,U,A,A,A,A,U,B,B,B,B,B
638064,920550,B,B,B,S,A,U,S,S,S,S,S,S,S,U,A,A,A
639863,1463090,A,A,A,A,A,A,B,U,A,A,A,A,A
641154,1442887,B,U,A,B,U,B,B,U,A
646041,895487,A,A,A,A,A,A,A,A,A,A,A,A,A,A,A,A,A,A,A,A,A,A,A,A,A,A,A,A,A,A,A,A,A,A,A,A,A,A,A,A,A,A,A,A,A,A,A,A,A,A,A,A,A,A,A,A,A,A,A,A,A,A,A,A,A,A,A,A,A,A,A,A,A,A,A,A,A,A,A,A,A,A,A,A,A,A,A,A,A,A,A,A,A,A,A,A,A,A,A,A,A,A,A,A,A,A,A,A,A,A,A,A,A,A,A,A,A,A,A,A,A,A,A,A,A,A,A,A,A,A,A,A,A,A,A,A,A,A,A,A,A,A,A,A,A,A,A,A,A,A,A,A,A,A,A,A,A,A,A,A,A,A,A,A,A,A,A,A,A,A,A,A,A,A,A,A,A,A,A,A,A,A,A,A,A,A,A,A,A,A,A,A,A,A,A,A,A,A,A,A,A,A,A,A,A,A,A,A,A,A,A,A,A,A,A,A,A,A,A,A,A,A,A
646486,1479988,A,A,A,B
650133,1291496,B,S,U,A,A,A,A,A,A,A,A
650467,2095066,A,U,B,U,S,B,A
659736,788497,U,B,B,B,B,B,B,B,B,B,B,B,B,B,B,B,B,U,B,B,B,B,B,B,S,B,B
663504,926247,A,A,U
666435,1303175,B,U,A
668313,898466,B,U,A
669252,1311740,A,U
669402,2138867,B,U,A,A,A,A,A
673679,1297683,S,A
675354,829165,B,B,B,B,B,B,B,B,B,B,B,B,B,U,A,U,B,B,U,B,B,B,B,U,B,B,B,B
677726,1472397,A,A,A,A
677781,5794171,A,B,U,B,B,U,A
678063,787553,B,B,B,B,B,B,B,U,A,U,S,S,S,S,S,S,S,S,S,S,S,S,S,S,S,S,S,S,U,S,S,S,S,S,S,S,S,S,S,S,S,S,S,S,S,S,U,S,A,B,B,B
678109,6036505,U,A,A,U
679042,1275227,A,A,A,A,A,A,A,A,A
681622,6220618,B,B,B,A,U,A,B,B,B,B
684188,1413925,U,S,S,S,S,U
684697,1453088,B,A,A,A
689488,778130,S,U
689928,835465,B,B,A,A,A
690424,1320436,A,A,A,A,A,A,A,A,A,A,A,A,A,A,A
690793,5016212,B,B,B,B,B,B,U,B,U,S,S,A,A,A,A,A,A,A,A,A,A
700225,1338753,B,B,B,B,U,A,A,A
701832,934445,A,U,B,B,B,B,U,B,U,B,B,B,B
703180,794267,U,S,A,U,A,U,A,A,U,B,B,B,B,B,B,B,B,B,B,B,B,B,B,B,B,B
706035,1481566,B,B,A,B,U,A,U,B,B,B
707660,2154774,B,U,B,B,B,B,B,U,B,U
709356,5707479,A,U,A,B,B
709967,2813488,A,U,S,U
711610,5257455,A,U
712640,922023,U,A,S
713713,1322487,B,A,U,B,B
720476,1325922,B,B,B,U,A,U,B,U,B,B,B,B,B,B,B,B,B,B,U,B,B,B,B,B,B,B,B,B,B,B,B,B
720664,6008064,A,A,A
735948,5227933,A,A,U,B
739929,2096592,B,B,B,B,B,B,B,U,A,A,A,U,B,B,U,B,A,B,U,A,U,B,U,S,U,A,U,B,B,B,B,B,B,B,B,B,B,B
741413,773583,A,A
751819,2771504,S,S,A,A,A,A,A,A,A,A,A,A,A,A,A,A,A,A,A,A,A,A,A,A,A,A,A,A,A,A,A,A,A,A,A,A,A,A,A,A,A,A,A,A,A,A,A,A,A,A,A,A,A,A,A,A,U,A,A,A,A,A,A,A,A,A,A,A,A,A,A,A,A,A,A,A,A,A,A,A,A,A,A,A,A,A
753447,788384,U,B,U
758727,1310148,B,B,B,B,B,B,B,B,B,B,B,B,B,B,B,B,B,B,B,B,B,B,B,B,U,A,U,S,S,S,U,S,S,S,U,B,U,S,U,B,B,B,U,A,A,U,B,A,B
767819,926005,B,B,B,A,A,A,A,S,A,U,S,S,U,B
774332,2966439,B,U,B,A,A,A,A,A,B
776574,2790346,A,A,A
778023,1385940,B,U,S,U,B,U,B,B
778665,944991,A,U,A,A,A,A,A,A,A,A,A,A,A,A,U,A
780788,834635,U,B,U,S,U,S,U,S
780911,1440352,B,B,B,B,B,B,B,B,B,B,B,B,B,B,B,A,A,U,A,A,A,A,A,A,A,A,B,U,A,A,A,A,A,A,A,U,A,U,B,A
786000,2825768,A,A,A,B
787874,2813464,A,A
795096,1339851,B,U,A,U,B,B,A,A,A,A
796085,1517443,B,B,U,B,B,B,U,S,U,B,U,B,U,S,S,B
797964,2123013,B,U,A
801973,2956661,A,A,A,B,B,B
802573,2836318,A,A,A,U
803197,5423765,A,A,A,A,B,B,B,B,B
804778,2146680,B,U,B,U,A,A,B,B
804789,2889364,A,A,A,A,A,A,A,U,B,U,B,U,A,U,B,U,S,U,A,U
806787,294375,B,B,B,B,B,B,B,B,B,B,B,B,B,B,B,B,B,B,B,B,B,B,B,B,B,B,B,B,B,B,B,U,B,B,B,B,U,B,B,U,B,B,B,B,B,B,B
807874,3095636,A,A,A,A,U
816026,1417892,B,B,B,B,B,B,B,B,B,B,B,B,B,B,B,B,B,B,B,B,B,B,B,U,B,B,B,B,U,B
816275,4944501,A,A,A,A
817452,2948721,B,B,B,U,A,A,U
818332,3071859,A,A,A,U,B,U,S,S,S,S,S,S,S,S,U,S,U,A,A,A
822723,1414464,B,B,U
824474,2962558,B,B,B,B,B,B,B,U,A,A,A,A,A,A,A,A,A,U,A,A,A,A,A,A,A,A,U,B,U
825402,2965517,B,B,A,U,S,S,U,B,U
825433,2840510,S,S
826589,3020100,S,U,S,S,S,S,S,S,S,U,S,U,S,U,B,U,S,U,S,S,S,S,S,S,S,S,U,B,S,S,U,S,S,S,S,S,S,U,S,U,S,U,S,S,U,A,U,S,U,B,U,B,U,S,U,S,U,S,S,U,S,S,U,B,U,S,S,S,U,B,B,B,U,S,S,S,B,B,A,A,U,B,S,S
832307,2990645,A,B,A,A,A,A,A,A,A,A,A,A,A,A,A,U,A,A,A,A
832722,2968265,A,B,B,B,A,U,B,A,B
834153,829971,B,S,U
836367,3079705,A,A
836706,1405984,A,U,B,B,B,B,B,B,U,B,B
839572,3013053,B,S,U,B,U,A
842468,2067331,A,A,A,A,A,A,A,U,A,A,A
842769,2170460,A,U,A
846388,3030585,U,A,U,B
853015,3088283,S,U,A,S,B,U,S,S,B,A,B,U,A,U,B,B,B
855912,5036737,A,A,A
856224,2077109,U
856424,3100349,U,S,A,S,S,S,S,A,U,S
864380,2156236,A,A
869594,1272557,B,B,B,B,B,B,B,B,B,B,B,B,B,B,B,B,B,B,B,B,B,B,B,B,B,B,B,B,B,B,A,A,A,A,A,A,A,A,A,A,A,A,A,A,A,A,A,A,A,A,A,A,A,A,A,A,A,A,A,A,A,A,A,A
877126,881546,B,S,U,S,S,U,B
877157,6298585,A,A,A,U,B,U,B,U,B,U,A,B,U,B,U,A,B,U,B,A,U,B,U,B,B,U,B,U,A,A,U,B,U,B,S,U,S,B,U,B,B,U,B,U,B,U,S,U,B,B,B,B,B,B,B,B,U,B,S,S,S,U,S,U,B,U,S,U,B,U,B,U,B,U,S,S,U,S,U,S,U,S,U,A,S,S,U,A,S,U,A,U,S,S,U,B,U,A,B,B,U,A,A,U,S,U,B,A,U,S,U,S,S,U,S,S,U,B,U,B,S,B,B,B,B,B,B,B,U,B,B,U,S,B,B,U,B,U,S,A,S,U,A,B,A,U,S,U,S,S,U,S,U,A,U,S,U,S,A,U,S,U,A,U,S,U,S,S,A,U,B,U,S,U,B,B,B,B,B,B,B,B,B,B,B,B,U,B,U,S,U,S,B,U,A,A,A,S,A,A,U,A,U,A,U,A,B,B,U,B,B,U,B,B,U,B,B,B,U,B,B,U,B,U,B,B,B,B,B,B,B,B,B,U,B,U,B,U,B,U,B,B,B,B,B,B,A,B,B,B,U,B,B,U,A,B,B,U,B,U,B,B,B,U,B,B,U,B,B,U,B,U,B,U,A,B,U,B,B,U,B,U,B,B,A,B,U,B,U,B,U,B,A,U,B,B,U,B,B,B,U,B,U,B,B,B,U,B,U,B,B,B,U,B,B,B,B,B,U,A,B,B,U,B,U,B,B,U,B,B,B,B,B,B,B,B,B,B,B,U,B,B,U,B,B,B,B,B,U,B,B,B,B,B,B,U,A,U,B,U,B,B,U,B,U,B,B,B,B,B,B,B,B,B,B,B,B,B,B,B,B,B,B,B,B,B,B,B,B,B,B,B,B,B,B,B,B,B,B,B,B,B,B,B,B,B,B,B,B,B,B,B,B,B,B,B,B,B,B,B,B,B,B,B,B,B,B,B,B,B,B,B,B,B,B,B,B,B,B,B,B,B
877229,4716285,A,U,A,U,A,A,A,A
878608,3065762,A,A,A,A,A,A,A
879175,5116383,A,A,A,A,A,A,A,A,A,A,A,A,A,A,A,A,A,A,A,A,A,A,B
879606,817272,A,U,B
880067,1487448,A,A,A,U,A,A,A,A,A,A,A,A,A,A,A,A,A,A,A
884029,889210,B,U,B,U,A,A,A,A,A,A,A,A,A,A,A,A,A,A
884444,2822448,A,A
886836,4880132,A,A,A
887557,835823,A,A,A,A,A
889337,4967399,A,A,A,A,A,A,U,A,A,A,A,A,A,A,A,A,A,A
893143,4718602,A,U,A,U
894767,4989079,A,B,U,A,U
898135,2077983,A,A,A,A,A,A,A,A,U,A,B,A,U,A,A,A,A,A,A
902683,1518073,A,A
909577,1327264,A,U,B,A
913689,870123,A,A,A,A,A,A,A,A,A,A,A,A,A,A,A,A,A,A,A,A,A,A,A,A,A,A,A,A,A,A,A,A,A,A,A,A,A,A,U,A,A,A,A,A,A,A,U
916047,4883056,A,A,U,A,A
918446,5482002,A,A,A,U,B,A,U,B,B,B,B,A,U,B,B,B,U,A,B,B,U,A,A,A,A,A,A,A
925612,4717939,B,A,A,A,B,B,B
930807,3022266,B,B,B,B,B,B,B,B,B,U,B,U,B,B,U,B,U,B
932978,6259277,A,B,U,A,U,S,B,U,B,U,B,U,B,U,A,U,B,U,A,U,A,U,A,U,S,U,B,U,B,B,U,B,S,B,B,B,B,B,B
933000,799543,B,B,B,B,B,B,B,B,B,U,A,A,A,U,B
933047,4824376,A,U
933123,944317,U
933287,5311607,B,U,A,A,A,A,A
933301,4862447,B,B,A,A,A,A
933349,2991320,B,B,B,B,B,B,B,U,B,U,S,U,S,S,S,S,U,B,U,S,U,B,A,A,U,A,U,B,B,B,U,A,B,B,B,B,B,U,B,B,B,B,B,B,B,B,B,B,B,B,B,B,B,B,B,B,B,B,B,B,B,B,B,B,B
933355,917689,A
933426,3023642,B,B,B,B,B,B,B,B,B,B,B,S,U,A,A,A,U,S,U,B,A,U
933500,5683205,U,B,S,S,S,S,U,S,S,S,U,S,U,S,S,U,A,B,U,S,S,S,S,S,U,S,S,S,S,S,S,S,S,S,S,U,S,U,B,B,U,B,B,B,B,B,B,B,U,B,U,A,U,B,B,U,B,U,A,B,U,B,A,U,B,A,U,B,U,A,U,B,A,U,B,B,B,B,B,B,B,B,B,B,A,A,U,A,A,A,U,A,B,A,B,A,B,A,U,B,U,A,B,U,A,A,B,B,U,B,A,U,B,B,B,B,B,B,B,B,B
933557,1517012,A,A,A,U,A,A,A,U,A,A,A,A,A,B,B,B,B,B,B,U,B,B,B
935980,2801784,U,A,A,A
937848,6270919,A,A,A,A,A,A,A,A,A,B,B,B,B,A,U,B,B,U,B,U,B,B,U,S,U,A,B,U,B,B,U,A,A,A,A,A,A,A,A,A,A,A,A,A,U,A,A,A,A,A,A,A,A,A,A
938180,295660,B,B,B,B,U,A,A,A,A,B,U,B,U,A,U,B,U,A,A,A,B,U,A,B,U,B,U,B,U,B,U,B,U,B,B,U,A,U,B,B,B,U,B,B,B,B,B,B,B,B,B,B,B,B,B,B,B,B,B,B,A,A,B,B,B,B,B,B,B,B,B,B,B,B,B,B,B
939124,3035375,A,A,A,A,A,A,A,A,A,A,A,U,B,U
939597,5934357,A,A,A,A
940214,2091407,A,A
942340,5936612,A,A,A,A
944343,5692442,S,U,S,S,S,S,S,U,B,U,S,U,A,U,B,U,S,U,S,S,S,U,A,U,S,S,S,B
944930,6060335,A,A,A,A
945092,5895016,A,A,U,S,S,S,B,U,B,U,S,S,S,S,S,S,S,S,S,S,U,A,A,A,A,A,U,B,U,B,U,A,U,S,S,U,A,U,S,S,S,S,S,S,U,S,B,A,U,B,S,A,B,U,S,S,S,U,B,A,S,S,S,S,U,S,S,S,S,S,S,S,S,S,U,S,S,S,U,S,U,S,S,U,S,B,U
945115,5682917,A,A,A,A,A,A,A
947436,4900077,B,B,B,B,A,A,A,A,A,A,B,B,B,U,S,U,A,U,B,B,U,S,S
948850,6018455,U,A,S,U,A,B,U,B,U,B,U,S,U,B,U,S,S,U,B,S,U,S,S,U,S,S,B,B,U,A,U,S,U,S,A,U,B,B,B,B,B,B,B,B
949063,5433283,U,B,U,B,U,A,B,U,A,B,A,A,B,B,U,A,U,B,B,A,A,U,B,U,A,U
949522,6084735,A,A,A,B,U,A,U,S,U,B,B
950318,2177240,B,B,U,B,S,B
950483,5068160,A,A,A,A,U,A,A,A,A,A,A,A,A,A,A,A
952426,5427935,A,A,A,A,A,A,A,A,A,A,A,A,A,A,A,U,A,A,A,A,S,S,S,A,A,A,A,A,A
953794,2823740,U,A,A
956890,5154839,B,A,A,A,A,A,A,A,A,A,A,A,A,A,A,A,A,A,A,A,A,A,A,A,A,A,A,A,A,A,A,A,A,A,A,A,A,A,A,A,A,A,A,A,A,A,A,A,A
959134,5862950,A,A,A,A,A,A,A,A,A,A,A,A,A,A,A,A,A,A,A,A,A,A,A,A,A,A,A,A,A,A,A,A,A,A,A,A,A,A,A,A,U,A,A,A,A,A,A,A,U,A,A,A,A,A,A,U,A,A,A,A,A,A
959137,6221283,A,A,A,A,A,A,A,A,A,B,U,A,A,A,A,A,A,A,A,A,A,A,A,A,A,U,A,A,A,A,A,A,A,A
959373,2998122,U,B,U,B,B,B,B,B,U,A
962816,6073341,B,A,U,A,U,A,U,B,U
962850,2066709,A,A,A
963628,6246857,A,U,S,U,A,U,B,U,A,S,U,S,U,S,U,S,B,A,S,U,S,U,S
963822,6155046,S,U,S,U,S,U,B,U,S
966550,6188226,S,U,S,S,S,U
967236,6144239,B,U
967735,6231036,A,A,U,A,A,A,U,A,A,A,A,A,A,A,A,A,A,A,A,A,A,A,A,A,A,A,A,A,A,A,A,A,A,U,A,A,A,A,A,A,A,B,A,U,B,A,B,A,U,S,U,B,U,B,B,B,B,B,B,B,B,B,B,B,U,S,U,S,U,A,U,A,U,S,U,S,U,B,U,S,U,S,S,U,B,U,B,B,B,B,B,B,B,U,B,B,U,S,B,S,U,B,S,B,U,S,U,S,U,S,S,B,U,A,U,S,U,S,S,S,U,A
968781,6246994,U,A,U,A,A
968941,6248366,U,B,A,B,B,U,S,B,U,A,A,U,B,B,B,U
968945,6248648,A,A,A,A,A,A,A,A,A,A,A,A,A,A,A,A,A,A,A,A,A,U,A,B,A,U,A,A,A,A,A,A,A,A,A,A,A,A,A,A,A,A,A,A,A,A,A,A,A,A,A,A,A,A,A,A,A,A,A,A,A,A,A,A,A,A,A,A,B,B,B,B,B,U,S,U,B,B,B,B,B,U,B,B,B,U,B,B,B,B,B,B,B,B,B,B,B,B,U,B,B,B,B,B,B,U,B,S,S,S,S,U,S,S,S,B,B,B,B,B,B,B,B,B,B,B,B,B,B,B,B,B,B,B,B,B,B,B,B,B,B,B
969608,6257661,B,B,B,B,B,B,B,B,B,B,B,B,B,B,B,B,B,B,B,B,B,B,B,B,B,B,B,B,B,B,B,B,U,A,B,B,B,B,B,B,B,B,U,B,B,B,U,B,S,U,B,B,U,B,U,B,U,S,B,B,B,U,B,B,B,B,B,U,B,B,B,B,B,U,B,U,B,U,B,U,B,B,B,B,B,B,B,U,B,U,B,U,B,B,U,B,B,U,B,B,B,U,B,U,B,B,U,S,B,U,B,B,B,B,B,U,B,B,B,S,A,A,A,A,A,A,A,A,A,A,A,A,A,A,A,A,A,A,A,A,A,A,A,A,A,A,A,A,A,A,A,A,A,A,A,A,A,A,A,A,A,A,A,A,A,A,A,A,A,A,A,A,A,A,A,A,A,A,A,A,A,A,A,A,A,A,A,A,A,A,A,A,A,A,A,A,A,A,A,A,A,A,A,A,U,B
969643,6257840,U,A,B,S,U,A,U,S,U,A,B,U,S,U,B,U,S,S,S,U,S,S,U,B,U,S,U,S,S,S,U,S,S,U,A,B,U,S,S,S,U,S,U,S,S,S,S,S,S,S,U,S,U,S,S,B,U,S,S,U,S,U,B,U,B,B,U,B,U,B,U,S,U,S,U,S,U,S,B,U,S,U,A,S,S,U,B,S,S,S,B,B,B,B,U,S,S,S,U
972363,6192079,A,A,A,A,A,A,A,A,A,A,A,A,A,A,A,A,A,A,A,A,A,A,A,A,A,A,A,A,A,A,A,A,A,A,A,A,A,A,A,A,A,A,A,A,A,A,A,A,A,A,A,A,A,B,B,B,B,B,B,B,B,B,B,B,B,B,B,B,B,B,B,B,B,B,B,B,B,B,B,B,B,B,B,B,B,B,B,B,B,B,B,B,B,B,B,B,B,B,B,B,B,B,B,B,B,B,B,B,B,B,B,B,B,B,B,B,B,B,B,B,B,B,B,B,B,B,B,B,B,B,B,B,B,B,B,B,B,B,B,B,B,B,B,B,B,B,B,B,B,B,B,B,B
972526,6053754,B,U,A,U,B,U,A,A,A,A,A,A,U,A,B,U,B
973530,6308338,A,A,A,A,U,A
974002,925814,B,B,B,B,A,U
974306,1473427,B,A,A
976349,2888730,B,B,B,B,B,B,B,B,B,U,B,U,B,U,B
977387,6437572,U,A,U
979589,6417586,U,B,A,B,B,U,S,U,S,S,S,S,U
980343,6063331,B
980780,5489131,A,A,A,U,A,A,A,A,A,A,A,A,A,A,A,A,A,A,A,A,A,U,A,A
980931,6441487,A,A,A,A,B,B,B
984302,6394907,U,A,U
985580,6351463,U,A
987735,5864105,B,B,B,A,A
988031,2962375,U,B,B,A
989831,6113367,B,U,A,A,A,A,A,A,A,A,A,A,A,A,A,U,B,B,A,A,A,U,B,B,B,B,B,B,B,B,B,B,B,B,B,B,B,B,B,B
991160,1459235,A,A
991704,4866889,A,A,A,A,A,A,A,A,A,B,A
995734,2965010,A,U,A,A,A,A,A,A,A
995796,2934286,B,U,S
1001148,883872,B,S,U,A,U,B,B,B,S
1002370,925792,A,A,A,A,B,B,B,B,B,B,B,B,B,B,B,A,U,B,B,B,B,B,B,U,B,U,A,B,U,A,B,U,B,A,B,B,B,U
1006164,5460015,A,A,A,U
1006619,6252198,B,B,B,B,B,B,B,B,B,B,B,B,B,B,B,B,B,B,B,B,U,A,U,A,A,A,U,A,A,A,U,B,A,A,A,U,B,U,A,S,B,B,U,S,U,A,A,U,A,B,U,B,A,U,A,U,A,U,A,A,A,U,B,U,S,A,A,A,A,A,A,A,A,U,A,A,A,A,A,U,B,U,A,A,U,A,A,A,U,B,A,A,A,B,U,B,U,S,U,B,U,A,A,U,A,U,B,U,A,U,B,B,U,A,A,A,U,A,U,S,U,B,U,A,U,S,S,U,S,S,A,B,U,A,A,A,A,U,S,S,U,S,A,U,B,U,A,A,B,U,B,U,A,A,U,S,U,B,U,A,A,A,U,S,A,B,A,U,A,A,A,A,U,S,B,U,S,A,A,A,A,A,A,A,U,A,U,B,U,S,U,B,A,A,S,B,A,S,S,U,S,U,A,B,U,B,U,A,U,B,U,A,U,S,S,A,B,U,S,U,B,U,S,A,A,B,U,S,A,U,B,A,U,B,B,A,U,S,U,S,U,A,B,U,S,U,S,S,U,S,S,B,B,S,U,S,B,U,S,B,U,A,A,U,B,U,S,U,B,A,S,S,S,U,B,B,U,S,U,B,A,S,U,A,U,S,A,U,S,U,A,U,B,U,B,A,U,S,B,U,B,B,S,U,A,S,U,S,U,S,S,B,A,B,B,A,U,A,B,U,S,U,S,U,A,B,B,B,B,B,B,B,B,B,B,B,B,B,B,B,B,B,B,B,B,B,B,B,B,B,B,B,B,B,B,B,B,B,B,B,B,B,B,B,B,B,B,B,B,B,B,B,B,B,B,B,B,B,B,B,B,B,B,B,B,U,A,U,S,S,S,U,A,U,A,U,S,U,A,U,A,A,B,A,U,B,S,U,B,S,S,B,U,A,U,S,B,B,U,A,A,A,S,S,U,A,B,B,B,B,B,B,B,B,B,B,B,B,B,B,B,B,B,B,B,B,B,B,B,B,B,B,B,B,B,B,B,B,B,B,B,B,B,B,B,B,B,B,B,B,B,B,B,B,B,B,B,B,B,B,B,B,B,B,B,B,B,B,B,B,B,B,B,B,B,B,B,B,B,B,B,B,B,B,B,B,B,B,B,B,B,B,B,B,B,B,B,B,B,B,B,B,B,B,B,B,B,B,B,B,B,B,B,B,B,B,B,B,B,B,B,B,B,B,B,B,B,B,B,B,B,B,B,B,B,B,B,B,B,B,B,B,B,B,B,B,B,B,B,B,B,B,B,B,B,B,B,B,B,B,B,B,B,B,B,B,B,B,B,B,B,B,B,B,B,B,B,B,B,B,B,B,B,B,B,B,B,B,B,B,B,B,B,B,B,B,B,B,B,B,B,B,B,B,B,B,B,B,B,B,B,B,B,B,B,B,B,B,B,B,B,B,B,B,B,B,B,B,B,B,B,B,B,B,B,B,B,B,B,B,B,B,B,B,B,B,B,B,B,B,B,B,B,B,B,B,B,B,B,B,B,B,B,B,B,B,B,B,B,B,B,B,B,B,B,B,B,B,B,B,B,B,B,B,B,B,B,B,B,B,B,B,B,B,B,B,B,B,B,B,B,B,B,B,B,B,B,B,B,B,B,B,B,B,B,B,B,B,B,B,B,B,B,B,B,B,B,B,B,B,B,B,B,B,B,B,B,B,B,B,B,B,B,B,B,B,B,B,B,B,B,B,B,B,B,B,B,B,B,B
1006644,2148780,B,B,B,B,B,B,B,U,A,A,A,A,A,A,A,A,A,A,A,U,A,A,A,U,S,U,B,U,B,A,U,A,U,B,A,U,B
1006819,6325341,B,B,U,A,S,U,S,S,S,S,U,A
1007094,6091591,B,B,B,B,B,B,B,B,B,B,B,B,B,B,B,B,B,B,B,B,U,S,U,B,A,U,S,U,S,U,S,S,S,S,U,B,U,S,U,S,S,U,S,U,A,U,S,U,S,U,S,S,S,S,S,S,U,S,U,A,S,U,B,U,A,U,S,U,A,U,S,U,S,U,S,S,B,U,B,B,B,U,A,U,B,B,U,B,B,U,B,B,U,B,U,S,U,S,S,U,A,B,B,U,B
1007297,3129188,B,B,B,B,B,B,U,A,A,A,A,A,A,A,U,A,B,U,A,B,U,B,U
1008922,5020702,B,B,U,B,B,B,B,B,B,B,B,B,B,B,B,B,B,U,B,U,B,U,B
1010405,6113976,B,B,B,A,B,U,A,U,A,A,B,B,B,B,B,B,B,B,B,B,B,B,B,B,B,B,B,B,B,B,B,B,B,B,B,B,B,B,B,B,B,B
1012518,2900231,B,B,U,A
1013348,2173315,B,B,B,B,A,U,A,A,U,A,S,A
1017701,2168541,A,B,A,U
1023405,6030580,U,A,A
1037320,6380775,B,A,S,S,S,U,S,U,S,S,A,A,A,A,A,A,A,A,U
1038328,879710,B,B,B,B,A,A,A,A,A,A
1039136,940667,B,B,B,B,B,B,B,B,B,U,A,U,B,U,B,U,A,A,U,B,B,U,S,B,U,B,B,B,U,A
1041467,5845557,U,A,A,A,A,B,B,B,B
1042816,2086984,B,U,A,A,A,A
1043165,5483078,B,B,B,B,B,B,A,U
1045530,1318873,B,B,B,B,B,B,B,B,B,B,B,U,B,U,B,B,B,U,B,U,B,A,S,U,S,U,B,B,B,B,B,B,B,B,B
1046874,4697822,A,A,U,A,U,A,U,A,U,A,A,U,B,B,B,B,B,A,U,A,B,U,B,A
1048486,1435445,B,U,A,U,A,A,A,A,A,A,A,A,A,A,A,A,A,A,A,A,A,A,A,A,A,A,A,A,A,A,B,B,B,B,B,B,A,A,A,A,A,A,A,A,A,A,A,A,A,U,B
1052171,831287,B,B,B,U,A,U,B,B
1054688,4706283,B,B,U,A,U,A,U,B,U,S
1055839,3047591,B,B,U,B,S,S,U,S,A,U,A,U,B,S,B
1056443,5801431,B
1057554,823956,A,A,A,A,B,B,B,B,B,B,B,B,B
1057740,5424051,A,A,A
1063528,2126449,B,B,B,B,U,B,B,B,B,B,U,B,A
1067122,5510267,A,A,A,A,A,A,A,A,A,A,A,A,A,A,A,A,A,A,A,A,A,A,A,A,A,A,A,A,A,A,A,A,A,A,A,A,A,A,A,A,A,A,A,A,A,A,A,A,A,A,A,A,A,A,A,A,A,A,A,A,A,A,A,A,A,A,A,A,A,A,A,A,A,A,A,A,A,A,A,A,A,A,A,A,A,A,A,A,A,A,A,A,A,A,A,A,A,A,A,A,A,A,A,A,A,A,A,A,A,A,A,A,A,A,A,U,B,B,B,B,B,B,B,B,B,B,B,B,B,B,B,B,B,B,B,B,B,B,B,B,B,B,B,B,B,B,B,B,B,B,B,B,B,B,B,B,B,B,B,B,B,B,B,B,B,B,B,B,B,B,B,B,B,B,B,B,B,B,B,B,B,B,B,B,B,B,B,B,B,B,B,B,B,B,B,B,B,B,B,B,B,B,B,B,B,B,B,B,B,B,B,B,B,B,B,B,B,B,B,B,B,B,B,B,B,B,B,B,B,B,B,B,B,B,B,B,B,B,B,B,B,B,B,B,B,B,B,B,B,B,B,B,B,B,B,B,B,B,U,S,U,S,S,B,S,U,A,A,A,A,A,A,A,A,U,A,U,A,S,U,B,B,U,A,B,U,B,B,B,B,U,B,S,B,B,B,B,B,B,B,B,U,A,A,A,A,A,B,B,B,B,U,A,A,U,B,B,B,B,U,B,B,U,A,A,A,U,A,B,B,U,A,B,U,B,B,U,A,A,U,A,A,A,A,B,B,B,B,B,B,B,B,B,B,B,B,B,B,B,B,B,B,B,B,B,B,B,B,B,B
1071307,292918,B,U,B,U,B
1075588,3039076,U,S,S,S,U,B,B,B,B,B,B,U,B,U,S,S,S
1077227,4729557,A,A,U,S,S,S,S,S,S,S,U,S,U,S,U,S,S,S
1092431,1498426,B,B,B,B,A,U,B,A,U,B,A,B
1104149,5159046,U,B,U,S,U,B
1110267,3115148,S,U,A,B,A,B,U,S,S,S,S,U,S,S,U,A,B,A
1118535,782520,A,A,A
1119587,6327830,B,B,B,B,B,B,U,A,B,U,A,B,U,B,U,B,B,B,B,U,A,B,U,B,U,B,U,A,B,U,B,U,A,B,B,B,B,B,U,B,U,B,A,B,U,A,B,A,U,B,U,A,U,B,A,B,A,U,B,B,B,B,B,B,B,B,B,B,B
1120992,835823,A,A
1122226,2163061,A,U,B,A,U,S,U,S,U,A,A,A,U,A,U,A,A,A,B,U
1123048,5120224,B,B,B,B,B,B,U,A,A,A,A,U,S,A,U,A,A,U,A,A,A,A,A,A,U,B,U,A,B,U
1123363,1394948,B,B,B,B,B,B,B,B,B,B,B,B,B,B,B,B,B,B,B,B,B,A,A,U,B,B,B,B,B,B,B,B,B,B,B,B,B,B,B,B,B
1124017,1383646,B,B,B,B,A,A,B
1124493,5826975,B,B,B,B,B,B,B,B,B,B,B,B,B,B,B,U,S,U,S,S,S,U,B,U,A,A,B,B,B,B,B,B,B,B,B,B,U
1124496,2987222,S,S
1125935,3156092,B,U,A
1126493,5138433,B,U,B,U,S,U,B,B,B,U,B,B,B,B,B
1128820,1284559,B,B,A,A
1129416,6355626,B,B,B,A,U,B,B,U,A,U,B,U,B,U,A,U,B,B,B,B,B,B,B,B,B,B,B,B
1132661,5796840,B,B,B,B,B,B,B,B,B,B,B,B,B,B,B,B,B,B,U,A,A,A,A,A,A,A,A
1132902,5437391,B,U,A,U,A,U,B,B,B,B
1134998,4703234,A,A,A
1135768,5591392,A,A,A,A,A
1139787,3070996,B,A,A,A,A,A,A,A,A,A,A,A,A,A,A,A,A,A,A,A,A,A,A,A,A,A,A,A,A,A,A,A,A,A,A,A,A,A,A,A,A,A,A,A,A,A,A,A,A,A,A,A,A,A,A,A,A,A,A,A,A,A,A,A,A,A,A,A,A,A,A,A,A,A,A,A,A,A,A,A,A,A,A,A,A,A,A,A,A,A,A,A,A,A,A,A,A,A,A,A,A,A,A,A,A,A,A,A,A,A,A,A,A,A,A,A,A,A,A,A,A,A,A,A,A,A,A,A,A,A,A,A,A,A,A,A,A,A,A,A,A,A,A,A,A,A,A,A,A,A,A,A,A,A,A,A,A,A,A,A,A,A,A,A,A,A,A,A,A,A,A,A,A,A,A,A,A,A,A,A,A,A,A,A,A,A,A,A,A,A,A,A,A,A,A,A,A,A,A,A,A,A,A,A,A,A,A,A,A,A,A,A,A,A,A,A,A,A,A,A,A,A,A,A,A,A,A,A,A,A,A,A,A,A,A,A,A,A,A,A,A,A,A,A,A,A,A,A,A,A,A,A,A,A,A,A,A,A,A,A,A,A,A,A,A,A,A,A,A,A,A,A,A,A,A,A,A,A,A,A,A,A,A,A,A,A,A,A,A,A,A,A,A,A,A,A,A,A,A,A,A,A,A,A,A
1144972,6165281,A,A,A,A,S,U,S,U,B
1145866,4895165,A,A,A,A
1147431,2111856,B,B,U,A,U,B,B,B,B,B,B,B,U,B,B,B,B,B,B,B
1148072,784291,B,B,B,B,B,B,B,B,B,B,B,B,B,B,B,B,B,B,B,B,B,B,B,B,B,B,B,B,B,B,B,B,B,B,B,B,B,B,B,B,B,B,B,B,B,B,B,B,B,B,B,B,B,B,B,B,B,B,B,B,B,B,B,B,B,B,B,B,B,B,B,B,B,B,B,B,B,B,B,B,B,B,B,B,B,B,B,B,B,B,B,B,B,B,B,B,B,B,B,B,B,B,B,B,B,B,B,B,B,B,B,B,B,B,B,B,B,B,B,B,B,B,B,B,B,B,B,B,B,B,B,B,B,B,B,B,B,B,B,B,B,B,B,B,B,B,B,B,B,B,B,B,B,B,B,B,B,B,B,B,B,B,B,B,B,B,B,B,B,B,B,B,B,B,B,B,B,B,B,B,B,B,B,B,B,B,B,B,B,B,B,B,B,B,B,B,B,B,B,B,B,B,B,B,B,B,B,B,B,B,B,B,B,B,B,B,B,B,B,B,B,B,B,B,B,B,B,B,B,B,B,B,B,B,B,B,B,B,B,U,B,B,B,B,B,B,B,B,B,B,U,A,U,B,B,B,U,A,U,B,U,B,A,B,U,B,B,B,B,B,B,B,B,B,B,B,A,A,B,B,U,B,B,B,A,A,B,B,U,B,B,B,B,B,U,B,U,B,B,U,B,U,B,U,S,U,B,B,B,B,B,B,B,B,B,B,B,B,B,B,B,B,B,B,B,B,B,B,B,B,B,B,B,B,B,B,B,B,B,B,B,B,U,B,B,U,B,U,B,B,B,B,B,B,B,B,B,B,B,B,B,B,B,B,B,B,B,B,B,B,B,B,B,B,B,B,B,B,B,U,B,B,B,B,U,B,B,B,B,B,B,B,B,B,B,B,B,B,B,B,B,B,B,B,B,B,B,B,B,B,B,B,B,B,B,B,B,B,B,B,B,B,B,B,B,B,B,B,B,B,B,B,B,B,B,B,B,B,B,B,U,B,B,B,B,B,B,B,B,B,B,B,B,B,B,B,B,B,B,B,B,B,B,B,B,B,B,B,B,B,B,B,B,B,B,B,B,B,B,B,B,B,B,B,B,B,B,B,B,B,B,B,B,B,B,B,B,B,B,B,B,B,B,B,B,B,B,B,B,B,B,B,B,B,B,B,B,B,B,B,B,B,B,B,A,A,B,U,B,B,B,B,B,B,B,B,B,B,B,B,B,B,B,B,B,B,B,B,B,B,B,B,B,B,B,B,B,B,B,B,B,B,B,B,B,B,B,B,B,B,B,B,B,B,B,B,B,B,B,B,B,B,B,B,B,B,B,B,B,B,B,B,B,B,B,B,B,B,B,B,B,B,B,B,B,B,B,B,B,B,B,B,B,B,B,B,B,B,B,B,B,B,B,B,B,B,B,B,B,B,B,B,B,B,B,B,B,B,B,B,B,B,B,B,B,B,B,B,B,B,B,B,B,B,B,B,B,B,B,B,B,B,B,B,B,B,B,B,B,B,B,B,B,B,B,B,B,B,B,B,B,B,B,B,B,B,B,B,B,B,B,B,B,B,B,B,B,B,B,B,B,B,B,B,B,B,B,B,B,B,B,B,B,B,B,B,B,B,B,B,B,B,B,B,B,B,B,B,B,B,B,B,B,B,B,B,B,B,B,B,B,B,B,B,B,B,B,B,B,B,B,B,B,B,B,B,B,B,B,B,B,B,B,B,B,B,B,B,B,B,B,B,B,B,B,B,B,B,B,B,B,B,B,B,B,B,B,B,B,B,B,B,B,B,B,B,B,B,B,B,B,B,B,B,B,B,B,B,B,B,B,B,B,B,B,B,B,B,B,B,B,B,B,B,B,B,B,B,B,B,B,B,B,B,B,B,B,B,B,B,B,B,B,B,B,B,B,B,B,B,B,B,B,B,B,B,B,B,B,B,B,B,B,B,B,B,B,B,B,B,B,B,B,B,B,B,B,B,B,B,B,B,B,B,B,B,B,B,B,B,B,B,B,B,B,B,B,B,B,B,B,B,B,B,B,B,U,B,B,B,B,B,B,B,B,B,B,B,B,B,B,B,B,B,B,B,B,B,B,B,B,B,B,B,B,B,B,B,B,B,B,B,B,B,B,B,B,B,B,B,B,B,B,B,B,B,B,B,B,B,B,B,B,B,B,B,B,B,B,B,B,B,B,B,B,B,B,B,B,B,B,B,B,B,B,B,B,B,B,B,B,B,B,B,B,B,B,B,B,B,B,B,B,B,B,B,B,B,B,B,B,B,B,B,B,B,B,B,B,B,B,B,B,B,B,B,B,B,B,B,B,B,B,B,B,B,B,B,B,B,B,B,B,B,B,B,B,B,B,B,B,B,B,B,B,B,B,B,B,B,B,B,B,B,B,B,B,B,B,B,B,B,B,B,B,B,B,B,B,B,B
1148305,2771073,B,B,A,A,A,A,A,A,A,A,A,B,B
1150209,1343423,A,A,A,A,A,A,A,A,A
1150545,3029520,B,B,U,B,B,A,A,U
1159238,3161788,A,A,B,B,B,B,B,B,B,U,B
1159536,905062,A,A,A,A,A,A,A,A,A,A,A,A,B,B,B,B,B,B,B,B,B,B,B,B,B,B,B,B,B,B,B,B,B,B,B
1159925,5122529,B,B,B,B,A,A,A,A,A,A,A,A
1161853,2894176,B,B,B,B,B,B,U,B,U
1162735,4725864,A,A,A,A,A,A,A,A,A,A,A
1169462,5938113,B,U,A,A,A,B,B,U,A,B,B,B,B,B,B,B,B,B,B,B,B,B,B,B
1172975,1285096,B,B,B,B,B,B,B,B,B,B,B,B,B,B,B,B,B,B,B,B,B,B,B,B,B,B,B,B,B,B,B,B,B,B,B,B,B,B,B,B,B,B,B,B,B,B,B,B,B,B,B,B,B,B,B,B,B,B,B,B,B,B,B,B,B,B,B,B,B,B,B,B,B,B,B,B,B,B,B,B,B,B,U,B,B,B,U,B,B,B,B,B,B,B,U,B,B,U,B,B,B,B,B,B,B,B,B,B,B,B,B,B,B,B,B,B,B,B,B,B,B,B,B,B,B,B,B,B,B,B,B,B,B,B,B,B,B,B,B,B,B,B,B,B,B,B,B,B,B,B,B,B,B,B,B
1177889,4729246,U,S,U,S,S,U,S,S,U,S
1179891,1385019,B,A
1180687,1354963,U,A,U,B
1184524,5220700,B,B,B,B,B,U,B,U,S,S,S
1187851,4734488,U,B,U,A,U
1189087,5047020,B,U,A,A
1189122,2957116,S,S,S,S,U
1190081,5647968,U,B,U,B,B,B,B,U
1196275,807067,A,U,A,A,A,U,B,B,A,A,U,B,A,B,B
1196387,852910,B,B,B,B,B,A,U,A,B,U
1196882,905947,B,B,U,A
1197973,5526588,A,A,A,A,U
1199597,2935051,U,A
1201585,6081194,A,A,U,A,U
1203220,4748004,B,B,B,B,B,B,B,B,B,B,B,B,B,B,B,U,A,U,A,U,B,B,A,U,B,U,A,B,A,U,B,B,A,A,U,A,A,B,B,B,B,B,B,B,B,B,B,B,B,B,B,B,B,B,B,B,B,B,B,B,B,B,B,B,B,B,B,B
1210187,1334978,B,B,B,B,B,B,B,U,A,U,S
1211671,835823,A,A,A,A,A
1215409,5750919,B,U,A,A,A
1216709,1284815,B,B,B,B,B,A,A,A,B,B,B,B,B,B,B,B,B,B,B,B,B,B,B,B,B,B,B,B,B,U,B,B,B,B,B,B,B,B,B,B,B,B,B,B,B,B,B,B,B,B,B,B,B,B,B,B,B,B
1217222,2940014,A,A,A,A,A
1218200,5453467,B,A,U
1223391,6394426,A,U,A,U,A,A,A
1225282,5938889,U,A,A,U,A,S,B,S,U,A,A,A,A,A,U,B,B,B,B,B,B,B,B,B,B,B,B,B,B,B,B,B,B,B,B,B,B,B,B,B,B,B,B,B,B,B,B,B,B,B,B,B,B,B,B,B,B,B,B,B,B,B,B,B,B,B,B,B,B,B,B,B,B,B,B,B,B,B,B,B,B,B,B,B,B,B,B,B,B,B,B,B,B,B,B,B,B,B,B,B,B,B,B,B,B,B,B,B,B,B,B,B,B
1227950,295636,A,A,A,A,A,A,A,A,A,B
1228606,1450499,S,S,U
1228925,3085345,B,B,B,B,B,B,U,A,A,A,A,A,A,A,A,A,A,A,A,A,A,A,A,A,A,A,A,A,A,A,A,A,A,A,A,A,A,A,A,A,A,A,A,A,A,A,A,A,A,A,A,A,A,A,A,A,A,A,A,A,A,A,A,A,A,A,A,A,A,A,A,A,A,A,A,A,A,A,A,A,A,A,A,A,A,A,A,A,A,A,A,A,A,A,A,A,A,A,A,A,A,A,A,A,A,A,A,A,A,A,A,A,A,A,A,A,A,A,A,A,A,A,A,A,A,A,A,A,A,A,A,A,A,A,A,A,A,A,A,A,A
1229372,2097128,B,U,A,A,A,A,A,A,U,B,U,A,A,U,A,B,B
1231978,4952764,A,A,A,U,A,A,A,A,A,A,A,A,A,A,A,A,A
1232069,6420088,B,B,B,U,S,U,A,A,S,U
1232093,5944855,U,S,U,B
1236042,4873000,U,A,U,A,A,U,S,U,A,U,A,U,A,A
1246549,812640,B,B,B,A,A,A,A,A,A,A,A,A,A
1247260,5870399,B,B,B,B,B,B,B,B,B,B,B,B,B,B,B,B,B,B,B,B,A,A,A,A,A,A,A,A,A,A,A,A,A,A,A,A,A,A,A,A,A,A,A,A,A
1247678,5375634,A,A,B
1249444,2958303,A
1250903,773583,A,A,A,A,A,A,U
1253033,6340836,A,U,S
1256637,1330485,B,B,B,B,B,B,B,U,A,A,B,B,B,B,B,B,B,B,B,B,B,B,B,B,B,B,B,B,B,B,B,B,B,B,B,B,B,B,B,B,B,B,B,B,B,B,B,B,B,B,B,B
1260734,5765355,B,B,B,B,B,B,B,B,B,U,A,A,A,A,A,A,B,A,U,B,U,B,A,B,U,B,B,B,U,A,B,A,U,B,U,B,U,B,B,B,B,B,B,B,B,B,B,B,B,B,B,B,B,B,B,B,B,B,B,B,B,B,B,B,B,B,B,B,B,B,B,B,B,B,B,B,B,B,B,B,B,B,B,B,B,B,B,B,B,B,B,B,B,B,B,B,B
1265107,3107411,B,U,A,S,U,B,B
1265373,2797845,B,B,B,B,B,U,A,U,A,B,U,B,U,A,B,A,S,U,A,U,A,A,U,A,A,U,A,U,A,A,A,U,B,U,B,B,B,B,B,B,U,S,U,B,A,U,A,B,U,B,U,B,B,B,B,U,B,U,S,U
1265787,6324784,A,A,B,B,B
1266859,298548,A,A
1271496,5392946,B,B,B,B,B,B,B,B,B,B,B,B,A,A,A,A,A,A,A,A,A,A,A,A,A,A,A,A,A,A,A,A,A,A,A,A,A,A,A,A,A,A,A,A,A,A,A,A,A,A,A,A,A,A,A,A,A,A,A,A,A,A,A,A,A,A,A,A,A,A,A,A,A,A,A,A,A,A,A,A,A,A,A,A,A,U,A,A,A,A,A,A,A,A,A,A,U,A,A,A,A,A,A,A,A,A,A,A,A,A,A,A,A,A,A,A,A,A,A,A,A,A,A,A,A,A,A,A,A,A,A,A,A,A,A,A,A,A,A,A,A,A,A,A,A,A,A,A,A,A,A,A,A,A,A,A,A,A,A,A,A,A,A,A,A,A,A,A,A,A,A,A,A,A,A,A,A,A,A,A,A,A,A,A,A,A,A,A,A,A,A,A,A,A,A,A,A,A,A,A,A,A,A,A,A,A,A,A,A,A,A,A,A,A,A,A,A,A,A,A,A,A,A,A,U,A,A,A,B,B,A,A,U,B,A,A,U,B,B,B,B,A,U,B,U,A,B,B,B,B,B,B,B,B,B,B,B,B,B
1272124,6253280,B,B,U,B,U,B,U,B
1288801,5751303,A,A,A,A,A,B,U,B,B,B,B,B,B,B,B
1292298,919856,A,A,A,A,A,A,U,A
1300282,5261198,B,U,B,B,B,B,B,B,B,B,B,B,B,B,B,B,U,B,U,B,B,B,B,U,B,B,U,B,B,U,A,B,B,B,B,B,B,B,B,B,B,U,B,B,B,B,B,B,B,B,B,B,B,B,B,B,B,B,B,B,B,B,B,B,B,B,B,B,B,B,B,B,B,U,B,U,A,U,B,B,A,B,B,B,B,U,A,U,B,U,B,B,U,B,B,U,B,B,B,U,B,B,U,B,B,B,A,B,B,B,B,B,B,B,B,B,B,B,B,B,B,B,B,B,B,B,B,B,B,B,B,B,B,B,B,B,B,B,B,B,B,B,B,B,B,B,B,B,B,B,B,B,B,B,B,B,B,B
1303665,2936470,B,A,U,B,B,B,B,B,U,B,B,B,B,B,B,B
1303885,794941,B,U,A,U,A,U,B,U,B,B,B
1306633,4747622,B,A,A,A,A,A,A,A,A,A,A,A,A,A,A,A,A,A,B,B
1319676,2886423,B,U,B,S,U
1323864,6100695,B,B,A,U,B,B,B,B,B,B,B,B,B,B,B,B,B
1327085,5222351,B,U,A,A,A,A,A
1329835,2138069,B,B,B,B,B,B,A,B,U,B
1338113,2155261,B,B,B,B,B,B,S,S,S,U,B
1342260,3112757,A,A,A,A,U,B,U,A,A
1354865,5872577,A,A
1359958,847042,B,B,U,A,A,B
1362549,2133007,B,B,B,B,U,A,A,B,B
1366710,2125973,B,B,U,B,U,S,A
1373051,4784595,A,A,U
1373462,6164151,A,U,A
1377721,5656839,A,U,A,A,U,B,U,A,U,B,S,U,B,A,U,S,U,S,U,A,B,B,U,S,S,U,S,S,U,B,U,S,S,S,U,B,B,B,B,B
1382007,3100921,B,B,B,B,B,U,B,U,B,B
1385407,5959987,A,A,A,A,A,A,B,B,U,S,U,S,U,S,B,B,U,S,U,S,U,B,U,B,B,S,A,B,U,S,S,S,A,U,S,U,S,S,U,B,U,S,U,A,U,S,S,B,B,B,B,B,B,B,B,B,U,S,S,U,B,U,B,U,B,S,U,S,U,B,B,B,B,B,B,B,B,B,B,B,B,B,B,B,B,B,B,B,B,B,B,B,B,B,B,B,B,B,B,B,B,B,B,B,B,B,B,B,B,B,B,B,B,B
1388067,5206824,B,B,B,B,B,B,B,B,B,B,B,B,A,U,A,B,B,B,A,B,B,B,B,U,A,B,B,B,B,B,B
1389170,3080079,U,B,U,A,U,S,B,U,B,B,B
1389548,5152685,A,A,A,A,U
1391313,3060867,B,B,B,B,B,B,B,B,U,A,A,U,S,S,U,S,U,B,U,S,U,A,U,A,S
1397950,928762,B,B,B,U,B,U,S,U,B,U
1399210,5643021,B,B,B,B,B,B,A,A,A,A,A,A,A,A,A,A,A,A,A,A,A,A,A,A,A,A,A,A,A,A,A,A,A,A,A,A,A,A,A,A,A,A,A,A,A,A,A,A,A,A,A,A,A,A,A,A,A,S,S,S,S,S,S,S,S,U,B,S,S,S,S,U,S,S,U,A,A,A,A,A,A,A,A,A,A,A,A,A,A,A,A,A,A,A,A,A,A,A,A,A,S,S,A,B,B,B,B,B,B,B,B,B,B,B,U,B,B,B,B,B,B,B,U,B,B,B,A,B,B,B,U,B,B,B,A,B,B,U,B,B,U,A,B,A,B,B,B,B,B,B,B,B,B,B,B,B,B,B,B,B,B,B,B,B,B,B,B,B,B,B,B,B
1404357,5001801,B,B,B,B,U,A,U,A
1437071,809151,A,A,A,B,B,B,B
1439870,2887281,B,A,U
1460145,2827642,U,B,U,B,U,A,A
1482080,3088897,A,S,U,S,B,U,B,A,B,B,B,U,A,A,B,U,B,U,B,U,A,B,B
1486926,5872577,A,A,A,A,A,A,A,A,A,A,A,A,A,A,A,A,A,A,A
1487839,6238584,B,B,B,U,B,B,B,B,B,U,B,B,B,A
1503740,4992297,B,B,B,B,B,B,B,B,B,B,B,B,B,B,B,B,B,B,B,B,B,B,B,B,B,B,U,A,U,S,S,B,B,B,B,B,B,B,B,B,B,B,B,B,B,B
1513627,1398828,S,S,S,S,S,S,S,S,B,B,B,B,B,B
1521283,2181500,B,B,B,U,B,U,B,U,S
1522376,5137442,U,B,B,U,A,U,B,B,B,B,B,B,B,B,B,B,B,B,B,B,B,B,B,B,B,B,B,B,B,B,B,B,B,B,B,B,B,B,B,B,B,B,B,B,B,B,B,B,B,B,B,B
1523655,773583,A,A,A,A
1575637,4880382,B,B,B,B,U,B,U
1582157,806648,B,B,U,A,U,B,U
1614275,5998538,B,B,B,B,B,B,B,B,B,B,B,A,A,B,U,B,U,B,B,B,B,B,B,B,B,B,B,B,B,B,B,B,B,B
1672041,1485900,B,U,A,B,B,B,B,B,B,B,B,B,B,B
1706230,5790846,B,U,A,U
1710379,4982806,A,A,A,A,A,A,A,A,A,A,A,A,A,A,A
1713191,5765999,B,B,B,B,U,A,A,U,S,S,U,B,U,B,B,B,B,B,B,B,B,B,B,B,B,B,B,B,B,B,B,B,B,B,B,B,B,B,B,B,B,B,B
1722607,3018239,A,A,A,A,A,A,A,A
1727794,5952885,A,A,A,U,A,A,U,A,U,B,B,B,B,B,B,B,B,B,B,B
1779549,6185999,B,B,B,A,U,B,B,B,B,U,A
1791013,2775547,U,B,U,A,B,B,B,B
1799740,895418,A,A,A,A,A,A,A,A,A,A,A,A,A,A,A
1812745,2799401,A,A,A,A,A,A,A,A,A,A,A,A,A,A,A,A,A,A,A,B,U,A,A,A,A,A,A,A,A
1816174,2839963,B,B,B,B,S,S,B,B,B,U,B,B
1823945,5595184,B,B,B,B,B,B,B,B,B,B,B,B,B,B,B,B,B,B,B,B,B,U,A,B,A,B,B,U,B,B,B,B,B,B,B,B,B,B,B,B,B,B,B,B,B,B,B,B,B,B,B,B,B,B,B,B,B,B,B,B,B,B,B,B,B,B,B,B,B,B,B,B,B,B,B,B,B,B,B,B,B,B,B,B,B,B,B,B,B,B,B,B,B,B,B,B,B,B,B,B,B,B,B,B,B,B,B,B,B,B,B,B,B,B,B,B,B,B,B,B,B
1839681,5474590,B,A,B,U,B,B,B,U,A
1970591,5776909,A,A,A,A,A,A,A,A,A,A,A,A,A,A
1998453,920222,B,B,B,B,B,B,U,B,B,A,U,B
2065546,5497633,B,B,B,B,B,B,B,B,B,B,B,B,B,B,U,A,A,A,A,A,A,A,A,A,A,A,A,A,A,A,U,A,A,A,A,A,A,A,B,B,B,B,B,A,A,B,B,B,B,B,B,B,B,B,B,B,B,B,B,B
2099592,837691,B,B,B,A,U,A
2163552,5391672,A,A,A,U,B
2227511,6291950,S,S
2267482,5683251,B,B,B,B,B,B,U,S,U,B,U
2291862,3018241,B,B,B,B,B,B,B,B,B,B,B,B,B,B,U,A,U,B,B,B,B,B,B,B,B,B,U,A,B,B,B,B,B,B
2357993,3056370,S,B,U,S,S
2361997,1363140,A,A,S,U,A,A,A,A,A,A,A,A,A
2379507,2135361,B,U,B,A,U,B,B,U,S,S,B,B,B,B
2415750,5961099,B,B,U,S,B,B,B
2472593,1333436,B,U,S,U,A,U,A
2482935,853091,B,B,B,B,B,B,B,B,B,B,A,A,A,A,A,A,A,A,A,A,A,A,A,A,A,A,A,A,A,A,A,A,A,A,A,A
2501534,6058571,B,B,B,B,B,B,B,B,B,B,B,B,B,B,B,B,B,B,B,B,B,B,B,B,B,B,B,B,B,B,B,B,U,S,U,S,B,U,B,U,A,U,A,B,A,A,B,B,A,A,A,A,B
2504709,4974709,U,A
2531957,784384,B,B,U,A,A,U
2552603,4959106,U,A,U,S,U,A,U,A,S,U,S,U,S,S
2599159,1344810,A
2617433,6044653,B,U,A,U,S,S,S,S
2683207,4695529,A,A,A,U,A,A,A,A,A,A,A,A,A,U,B,B,B,B
2791201,5641065,B,B,B,B,B,A,B,U,B,B,B,B,B,B,U,B,B,B,B,B,B
2792117,3004485,B,U
2807092,5322477,B,B,B,S,U,A,A,A,U
2915899,2156460,B,B,U,B,U,B,U,B,B,U,A,S,B,B,U
2936419,5147334,B,A,A,A,A
3073031,889505,U,B,A
3131385,293723,U,S,B,B,B,B,B,B,B,B,B,B,B,U,B,B,U,B,B,U,B,B,B,U
3191078,2060047,U,S,U,S,S,U,S,U,S,S,S,U,S,S,S,U,S,S,S,S,S,S,U,A
3236084,1492457,B,A,A,A
3291149,5002994,S,U,S,S,U
3300176,6173012,B,B,B,B,B,B,B,B,B,B,B,U,A,U,B,U,B,U,B,B,B,U,B,B,B,U,B,B,B
3326438,5859630,B,B,B,B,B,B,B,B,A,A,B,B,B
3363484,5667581,B,B,U,A,A,U,B,A,B,U,A,S,U,B,B,B,B,B,B,B,U,A,U,B,B,U,B,B,B,U,B,A,B,U,B,U,B,B,B,B,B,B,B,B
3379208,6209167,U,A,U,B,U,A,U,A,A,A,U,B,A,A,A
3398457,4794968,A,A
3450555,915545,B,B,B,B,B,B,U,S,A,B,U,B
3475689,3014066,A,A,A
3526912,6116959,B,S,B,B,B,U,B,U
3535389,5518298,B,B,B,B,B,U,A,A,U,A,B,B,B,B,B,B
3536447,6126451,U,B,B,A,A,B,U,A,U,A,U,A,B,B,B,B,B,B,B,B,B,B,B,B
3608271,1396256,B,U,A,S,U,B,B,B,B,B,B,B
3631440,5219026,S,S,S,U,S,S,S,U,B,B,B,B,B,B,B,B,B,B,B,B,B,B,B,U,B,B,B,B,B,B,B,B,B,B,B,B,B,B,B
3756192,4979459,B,U,B
3797838,5791481,B,B,B,A
3828436,5660894,B,B,B,B,U,B,U,B,B,B,B,B,B,B,B,B,U,B
3856619,1418157,B,U,A,U,B
3872609,6002305,B,B,B,B,B,B,B,B,U,S,U,S,U,S,S,S,S,S,S,S,B
3912446,1344002,A,A,U,A,U,A,A,A,A,U,A,U,A,U,A,A,A,A,A,A,A,A,A,A,A,A,A,A,A
3979616,6210343,A,A,B,B,B,B,B,B,B,B,B,B,B,B,B,B,B
4029187,5819313,U,B,U
4042177,1371945,A,A,A,A,A,A,A,A,A,A,A
4072335,1506609,U,S,U,B,B,B,B,B
4088133,6447450,B,B,B,A,A,A,U,A,A,A,A,U,A,A,A,A,A,A,A,U,B
4123364,884958,B,B,U
4181097,4921241,U,B,U,A,B,B,B,B,B,B,B,B,B,B,B,B,B,B,B,B,B,B,B,B,B,B
4279284,5538179,A,A,U
4313760,3061779,B,B,B,A,A,U,B,A,U,A,U,A,U,S,U,A,U,S,U,A,U,S,S,S,S,U,B,B
4367061,6389781,U,B,B,A,A,U,B,A,U,B,U,B,U,B
4503166,5150024,B,B,B,B,B,B,B,B,A,U,A,A,A,A,A,U,A,U,B,U,B,B,B,B,B,B,B,B,B,B,B,B,B
4565988,5130788,U,B,B,U,A,B,A,B,B,B
4772181,2841709,B,B,B,B,B,B,B,U,S,S,B,U
5819275,6160958,A,A
5896738,5163899,B,B,B,B,U
6018940,6093500,B,B,B,B,B,B,B,B,B,B,B,B,U,A,A,A,A,A,A,A,A,A,A,A
6063214,1326195,B,B,B,B,B,B,B,B,B,B,B,B,B,A,A,A,A,A,A,A,A,A,A,B,B,B,B,B,B,B,B,B,B,B,B,B
6135768,938222,A,A,A,A,A,A
6171343,4910805,B,B,B,B,B,U,A,A,A,A,A,A
6183593,3098477,B,B,A,U,B
6237867,2871774,A,B
6819221,2993347,B,B,B,B,B,B,B,B,B,B,B,B,B,B,B,B,B,B,B,B,B,B,B,B,B,U,A,A,A,U,A,U,A,U,A,A,A,U,A,A,A,A,A,U,A,A,A,A,B,U,A,A,A,A,U,A,A,B,A,U,A,U,B,A,U,A,U,A,B,B,U,B,A,B,A,U,B,A,U,B
6859893,6101614,B,B,B,B,U,S,U,B,B,B,B
6911005,5146895,B,B,B,B,B,B,B,B,B,B,B,B,A,A,U,B
7120342,5589536,B,B,B,B,B,B,B,B,B,B,B,B,B,B,B,B,B,B,B,B,B,B,B,B,B,B,B,B,A,A,A,A,A,A,B,B,B,B
7286092,5570067,B,B,U,A,A,U,S,U
